UserID,SignupDate,Age,Gender,City,State,Country,Language,SignupDay,SignupTime,DeviceModel,OSDetails,ISP,CurrentWalletBalance,IsFreeConsultationTaken,HasInitiatedConsultation,HasTakenChat,HasTakenCall,HasTakenOther,HasRated,HasReviewed,HadPositiveInteraction,HadNegativeInteraction,HasUsedGift,AppLaunches_0_30,AppLaunches_30_60,AppLaunches_60_90,AppLaunches_90Plus,IsActiveClevertap_0_30,IsActiveClevertap_30_60,IsActiveClevertap_60_90,NoOfNotificationsClicked,NoOfNotificationsViewed,HasUninstalled,HasPushUnregistered,AcquisitionSource,FirstEventName,Campaign,Adgroup,DaysSinceLastConsultation,DaysSinceLastRecharge,EngagementTrend_30_vs_60,NotificationCTR,ConsultationCount,LowWalletFlag,DecliningEngagementFlag,LowNotificationCTRFlag
200000,2026-05-07,52,Male,Chennai,Delhi,India,Tamil,Sun,Night,Vivo V27,Android 12,BSNL,874.85,1,0,0,1,0,0,0,0,0,0,11,11,12,33,1,1,1,1,27,1,0,organic,view_home,remarketing,D,39,40,1.0,0.037037037037037035,1,0,0,1
200001,2025-01-15,25,Female,Hyderabad,Telangana,India,Tamil,Sun,Morning,OnePlus Nord,iOS 17,BSNL,164.81,1,0,0,0,0,0,0,0,0,0,4,13,9,38,1,1,1,0,21,0,0,organic,notification_open,remarketing,D,111,35,0.35714285714285715,0.0,0,0,1,1
200002,2026-01-22,39,Male,Chennai,Delhi,India,Hindi,Wed,Night,OnePlus Nord,Android 14,BSNL,184.25,0,0,1,1,0,0,0,0,0,0,5,13,11,28,0,1,1,1,21,0,1,organic,signup,welcome,A,24,167,0.42857142857142855,0.047619047619047616,2,0,1,1
200003,2024-07-02,59,Female,Delhi,West Bengal,India,English,Sun,Night,Vivo V27,iOS 17,Jio,82.66,0,0,0,0,0,0,0,0,0,0,6,7,13,38,1,1,0,2,21,0,0,referral,app_launch,welcome,B,2,72,0.875,0.09523809523809523,0,1,0,0
200004,2025-08-23,39,Male,Mumbai,Maharashtra,India,Tamil,Mon,Night,OnePlus Nord,Android 12,Airtel,73.85,0,1,0,0,0,0,0,0,0,0,8,13,13,31,1,0,1,5,22,0,0,organic,app_launch,welcome,B,4,46,0.6428571428571429,0.22727272727272727,0,1,1,0
200005,2024-12-18,40,Male,Hyderabad,Telangana,India,Tamil,Mon,Night,Vivo V27,Android 12,Airtel,283.33,1,0,0,0,0,1,0,0,0,0,8,6,13,31,1,1,1,1,21,0,1,crm,view_home,install,D,32,88,1.2857142857142858,0.047619047619047616,0,0,0,1
200006,2025-04-28,57,Female,Chennai,Maharashtra,India,Telugu,Sat,Afternoon,Samsung A14,iOS 16,Vi,269.32,1,1,1,0,0,0,0,1,0,0,11,14,6,24,1,1,1,2,16,0,0,google,notification_open,brand,D,41,49,0.8,0.125,1,0,0,0
200007,2025-05-29,26,Male,Bengaluru,Tamil Nadu,India,Hindi,Mon,Afternoon,Vivo V27,iOS 17,BSNL,205.6,0,1,0,1,0,0,0,0,0,0,9,16,9,32,1,1,1,2,15,0,0,google,notification_open,brand,C,29,34,0.5882352941176471,0.13333333333333333,1,0,1,0
200008,2024-08-15,46,Male,Mumbai,Delhi,India,Hindi,Sat,Morning,iPhone 13,Android 13,BSNL,451.94,1,0,0,0,0,0,0,0,0,1,8,6,14,44,1,1,1,2,24,1,1,organic,view_home,install,A,161,74,1.2857142857142858,0.08333333333333333,0,0,0,0
200009,2025-02-21,25,Female,Mumbai,Telangana,India,Telugu,Sun,Evening,Samsung A14,Android 14,Airtel,631.34,1,0,0,0,0,0,0,0,1,0,7,11,14,31,1,1,1,1,25,0,0,crm,view_home,welcome,C,149,121,0.6666666666666666,0.04,0,0,0,1
200010,2025-03-07,36,Female,Hyderabad,Telangana,India,English,Wed,Evening,Vivo V27,Android 14,Airtel,416.99,1,0,0,0,0,0,0,0,0,0,11,6,15,38,1,1,1,2,19,0,0,meta,signup,organic,C,85,1,1.7142857142857142,0.10526315789473684,0,0,0,0
200011,2025-04-03,59,Female,Delhi,Delhi,India,Tamil,Wed,Morning,iPhone 13,Android 14,Vi,210.03,0,1,1,1,0,0,0,0,0,0,5,11,17,34,1,1,1,2,21,0,0,google,view_home,brand,D,7,32,0.5,0.09523809523809523,2,0,1,0
200012,2026-04-20,23,Female,Kolkata,Karnataka,India,Telugu,Sun,Morning,Samsung A14,iOS 17,Airtel,182.7,1,1,0,1,0,1,0,0,0,0,13,8,9,53,1,1,0,1,25,0,1,meta,view_home,install,B,92,2,1.5555555555555556,0.04,1,0,0,1
200013,2026-03-06,26,Male,Bengaluru,West Bengal,India,Tamil,Tue,Afternoon,Vivo V27,iOS 16,Other,722.28,0,1,1,1,0,1,0,1,0,0,8,12,15,33,1,1,1,4,23,0,1,referral,signup,brand,D,112,38,0.6923076923076923,0.17391304347826086,2,0,0,0
200014,2026-01-06,49,Male,Bengaluru,West Bengal,India,English,Thu,Evening,Samsung A14,iOS 16,Jio,81.71,0,1,0,1,0,0,0,0,0,0,9,16,15,39,0,1,0,5,17,0,0,google,promo_click,remarketing,A,21,138,0.5882352941176471,0.29411764705882354,1,1,1,0
200015,2026-03-08,44,Female,Hyderabad,Delhi,India,Hindi,Mon,Evening,Samsung A14,Android 12,BSNL,201.07,0,1,0,0,0,0,0,1,0,0,6,11,12,34,1,1,1,1,22,0,0,meta,signup,brand,C,72,150,0.5833333333333334,0.045454545454545456,0,0,1,1
200016,2025-01-22,38,Male,Bengaluru,Delhi,India,Tamil,Thu,Morning,Redmi Note,Android 12,BSNL,450.36,0,1,0,1,0,0,0,1,0,0,6,12,13,34,1,1,1,2,13,0,0,meta,promo_click,install,B,112,29,0.5384615384615384,0.15384615384615385,1,0,1,0
200017,2026-02-14,52,Female,Pune,Telangana,India,English,Tue,Morning,Vivo V27,iOS 16,Vi,203.22,0,1,0,0,0,0,0,0,0,0,11,14,11,35,1,0,1,4,21,0,0,referral,notification_open,organic,D,16,104,0.8,0.19047619047619047,0,0,0,0
200018,2024-12-05,53,Male,Mumbai,West Bengal,India,Tamil,Tue,Night,Vivo V27,Android 13,BSNL,396.69,1,0,0,0,0,0,0,0,0,0,9,21,11,38,1,0,0,3,27,0,0,crm,promo_click,install,D,104,142,0.45454545454545453,0.1111111111111111,0,0,1,0
200019,2025-10-11,46,Male,Bengaluru,West Bengal,India,Tamil,Mon,Evening,OnePlus Nord,iOS 17,Airtel,240.82,0,1,1,0,0,1,0,0,0,1,10,13,14,27,0,1,1,4,21,0,0,crm,notification_open,remarketing,D,28,22,0.7857142857142857,0.19047619047619047,1,0,0,0
200020,2025-07-08,22,Female,Hyderabad,West Bengal,India,English,Wed,Evening,iPhone 13,Android 14,Other,272.03,0,0,1,0,0,1,0,0,0,1,8,9,8,27,1,1,1,1,26,0,0,referral,promo_click,install,D,147,89,0.9,0.038461538461538464,1,0,0,1
200021,2024-11-04,56,Female,Delhi,Karnataka,India,Hindi,Fri,Evening,Samsung A14,Android 13,BSNL,342.62,0,0,1,0,0,0,0,1,0,0,8,12,12,37,1,1,1,6,32,0,0,referral,notification_open,install,B,129,5,0.6923076923076923,0.1875,1,0,0,0
200022,2025-09-17,33,Male,Bengaluru,Delhi,India,Tamil,Sun,Evening,OnePlus Nord,Android 13,Jio,251.16,0,1,0,0,0,0,0,0,0,0,13,20,15,37,0,1,1,1,21,0,0,organic,signup,welcome,D,125,63,0.6666666666666666,0.047619047619047616,0,0,0,1
200023,2026-01-31,18,Female,Hyderabad,Maharashtra,India,Hindi,Fri,Evening,Vivo V27,Android 13,BSNL,138.84,1,1,0,0,0,0,0,0,0,0,10,12,16,41,1,1,0,2,20,0,0,referral,signup,organic,A,75,135,0.8461538461538461,0.1,0,0,0,0
200024,2024-06-22,33,Male,Pune,Delhi,UK,Hindi,Fri,Night,Samsung A14,Android 13,Jio,461.89,1,0,0,0,0,0,0,1,0,0,6,11,14,33,1,1,1,2,27,0,0,crm,app_launch,organic,B,103,21,0.5833333333333334,0.07407407407407407,0,0,1,1
200025,2026-04-17,40,Female,Hyderabad,Karnataka,India,Telugu,Sun,Afternoon,Samsung A14,Android 12,Vi,659.35,1,1,0,0,1,1,0,0,0,1,7,16,13,31,0,1,0,0,26,0,0,google,signup,install,B,126,151,0.47058823529411764,0.0,1,0,1,1
200026,2025-07-02,41,Female,Delhi,Karnataka,India,Hindi,Sat,Night,iPhone 13,Android 14,Other,1009.66,0,1,0,0,0,0,1,0,0,1,7,18,10,40,1,1,1,2,28,0,0,organic,notification_open,remarketing,C,105,59,0.42105263157894735,0.07142857142857142,0,0,1,1
200027,2025-03-14,25,Male,Delhi,West Bengal,India,Telugu,Wed,Night,OnePlus Nord,Android 14,Other,671.45,1,1,1,0,0,0,0,0,0,0,13,15,13,33,0,1,1,6,32,0,0,meta,signup,remarketing,C,157,128,0.875,0.1875,1,0,0,0
200028,2026-01-22,55,Male,Bengaluru,Maharashtra,India,English,Sun,Morning,Samsung A14,iOS 17,Vi,368.93,1,1,0,0,0,1,0,1,0,0,10,11,16,33,1,1,1,5,22,0,0,meta,promo_click,brand,C,16,151,0.9166666666666666,0.22727272727272727,0,0,0,0
200029,2025-08-29,18,Female,Delhi,Maharashtra,India,Hindi,Mon,Evening,iPhone 13,Android 12,BSNL,644.99,0,1,0,0,1,0,0,1,1,1,6,15,13,30,1,1,1,2,21,0,1,meta,promo_click,install,A,134,86,0.4375,0.09523809523809523,1,0,1,0
200030,2025-05-04,39,Female,Mumbai,Tamil Nadu,USA,English,Sun,Evening,iPhone 13,Android 12,Airtel,1028.74,1,1,0,0,1,0,0,0,0,0,7,11,10,38,1,1,1,2,16,0,0,organic,app_launch,brand,B,124,8,0.6666666666666666,0.125,1,0,0,0
200031,2025-12-31,47,Male,Chennai,Karnataka,India,Hindi,Wed,Afternoon,iPhone 13,Android 12,Airtel,369.5,0,1,0,0,0,1,0,0,0,1,3,8,22,34,1,1,0,5,17,0,0,crm,notification_open,install,C,10,138,0.4444444444444444,0.29411764705882354,0,0,1,0
200032,2025-06-28,30,Female,Mumbai,Tamil Nadu,India,Tamil,Mon,Afternoon,iPhone 13,iOS 17,Other,269.61,0,0,1,1,0,1,0,0,0,1,8,10,20,30,1,1,1,2,19,0,0,organic,signup,brand,A,148,112,0.8181818181818182,0.10526315789473684,2,0,0,0
200033,2026-05-09,33,Female,Delhi,Telangana,India,English,Mon,Morning,Redmi Note,Android 13,Jio,227.98,0,0,0,1,0,0,0,0,1,0,12,8,13,42,0,1,1,2,17,0,0,organic,notification_open,welcome,D,157,18,1.4444444444444444,0.11764705882352941,1,0,0,0
200034,2025-09-02,18,Female,Mumbai,West Bengal,India,English,Mon,Night,OnePlus Nord,iOS 16,Vi,309.75,1,0,0,0,0,0,0,0,0,0,7,13,14,38,1,1,1,3,19,1,0,google,promo_click,install,D,101,155,0.5714285714285714,0.15789473684210525,0,0,1,0
200035,2025-01-26,26,Female,Kolkata,Maharashtra,India,Telugu,Mon,Morning,OnePlus Nord,Android 12,Other,571.18,0,1,0,0,0,0,0,0,0,1,9,11,16,31,1,0,1,0,18,0,0,referral,notification_open,welcome,D,19,179,0.8333333333333334,0.0,0,0,0,1
200036,2026-04-19,35,Male,Bengaluru,Delhi,India,Tamil,Sun,Night,iPhone 13,iOS 16,BSNL,149.18,0,0,0,0,0,0,0,0,0,1,11,7,18,39,1,1,1,1,27,0,0,referral,notification_open,brand,D,142,145,1.5,0.037037037037037035,0,0,0,1
200037,2025-03-12,27,Female,Bengaluru,Karnataka,India,English,Mon,Night,iPhone 13,iOS 17,Airtel,609.01,0,0,1,0,0,1,0,0,0,0,12,14,20,45,0,1,0,5,26,0,0,referral,view_home,organic,D,167,137,0.8666666666666667,0.19230769230769232,1,0,0,0
200038,2026-03-02,50,Male,Pune,West Bengal,India,Telugu,Sat,Morning,iPhone 13,iOS 17,Vi,504.36,1,1,0,0,0,0,0,0,0,0,11,17,18,45,1,1,1,5,26,0,0,organic,notification_open,install,A,155,74,0.6666666666666666,0.19230769230769232,0,0,0,0
200039,2026-02-28,32,Male,Chennai,Telangana,India,Telugu,Sat,Night,OnePlus Nord,iOS 17,Vi,678.64,1,0,0,0,0,0,0,0,0,1,6,13,11,41,1,1,1,3,18,0,1,crm,app_launch,install,A,172,0,0.5,0.16666666666666666,0,0,1,0
200040,2026-01-02,24,Male,Hyderabad,West Bengal,India,Hindi,Sat,Evening,Vivo V27,iOS 17,BSNL,252.49,0,1,0,0,0,0,0,1,0,0,6,8,17,29,0,0,0,1,24,1,0,referral,promo_click,install,B,81,19,0.7777777777777778,0.041666666666666664,0,0,0,1
200041,2024-11-21,45,Female,Chennai,Tamil Nadu,UAE,Tamil,Fri,Evening,Redmi Note,Android 12,BSNL,122.2,0,0,0,0,0,1,0,1,0,0,8,7,13,37,1,0,1,5,23,0,0,referral,promo_click,brand,A,27,16,1.125,0.21739130434782608,0,0,0,0
200042,2024-10-27,23,Male,Mumbai,Karnataka,UAE,Hindi,Sat,Evening,Vivo V27,iOS 17,Jio,152.69,1,0,1,0,0,1,0,1,0,0,3,15,14,30,1,0,0,2,20,0,0,crm,promo_click,remarketing,A,91,62,0.25,0.1,1,0,1,0
200043,2025-05-15,28,Male,Hyderabad,Telangana,India,Tamil,Sun,Afternoon,Samsung A14,Android 14,Other,64.07,1,1,0,1,0,0,0,0,1,0,8,9,13,46,1,1,1,2,22,0,0,meta,app_launch,remarketing,C,47,173,0.9,0.09090909090909091,1,1,0,0
200044,2025-11-28,57,Female,Mumbai,West Bengal,USA,Telugu,Thu,Night,iPhone 13,Android 14,Other,357.8,1,1,1,0,0,0,0,1,0,0,10,10,19,36,0,1,1,2,26,0,0,organic,app_launch,install,C,161,112,1.0,0.07692307692307693,1,0,0,1
200045,2025-12-26,37,Female,Delhi,Telangana,India,English,Sun,Morning,iPhone 13,Android 13,Airtel,311.94,1,0,0,0,0,0,1,1,0,0,12,9,18,35,1,0,1,1,27,0,0,meta,signup,welcome,D,77,147,1.3,0.037037037037037035,0,0,0,1
200046,2024-09-06,55,Other,Kolkata,Karnataka,India,English,Thu,Evening,Samsung A14,Android 13,Airtel,420.02,0,1,0,1,0,0,0,0,0,0,2,10,11,37,1,1,1,3,23,0,0,google,app_launch,brand,C,6,161,0.2727272727272727,0.13043478260869565,1,0,1,0
200047,2025-01-27,59,Female,Hyderabad,West Bengal,USA,English,Sat,Night,Vivo V27,iOS 17,Vi,134.34,0,1,1,1,0,0,0,0,0,0,8,3,15,36,1,1,1,2,16,0,0,crm,signup,remarketing,C,169,29,2.25,0.125,2,0,0,0
200048,2025-01-20,39,Female,Pune,Delhi,India,English,Tue,Evening,Redmi Note,Android 12,Jio,280.36,1,1,0,0,0,0,0,1,0,0,5,9,14,43,0,1,0,1,17,0,0,referral,app_launch,welcome,B,8,33,0.6,0.058823529411764705,0,0,1,1
200049,2024-12-01,22,Female,Bengaluru,Maharashtra,UAE,Tamil,Sun,Afternoon,Samsung A14,iOS 17,Vi,228.21,1,0,1,0,0,1,0,1,0,0,8,14,9,31,0,1,1,4,18,0,1,referral,view_home,install,A,1,84,0.6,0.2222222222222222,1,0,1,0
200050,2025-09-03,27,Male,Kolkata,Delhi,UK,Tamil,Sun,Afternoon,Samsung A14,Android 14,Airtel,286.81,0,0,1,0,1,0,0,0,0,0,11,5,13,31,1,1,1,3,20,0,1,crm,app_launch,organic,B,83,51,2.0,0.15,2,0,0,0
200051,2024-10-09,19,Male,Delhi,Maharashtra,India,English,Thu,Afternoon,Samsung A14,Android 13,Airtel,202.68,0,0,0,0,0,0,0,0,0,0,7,7,12,28,0,0,1,3,18,0,0,meta,view_home,organic,B,100,56,1.0,0.16666666666666666,0,0,0,0
200052,2026-04-26,49,Female,Chennai,Telangana,India,Tamil,Thu,Afternoon,Vivo V27,Android 13,BSNL,320.05,1,1,1,0,0,0,0,0,0,1,7,12,13,26,0,1,1,2,14,0,0,crm,view_home,remarketing,A,102,0,0.6153846153846154,0.14285714285714285,1,0,1,0
200053,2025-01-21,45,Male,Bengaluru,West Bengal,India,Telugu,Thu,Afternoon,iPhone 13,iOS 16,Airtel,291.14,0,0,0,1,0,0,0,1,1,0,9,7,19,33,1,1,1,5,18,0,1,meta,signup,welcome,B,8,79,1.25,0.2777777777777778,1,0,0,0
200054,2024-09-04,41,Male,Pune,Karnataka,India,Hindi,Thu,Evening,OnePlus Nord,Android 14,BSNL,83.17,1,0,0,0,0,0,0,0,0,0,6,10,16,40,0,1,1,3,30,0,0,referral,notification_open,install,D,131,148,0.6363636363636364,0.1,0,1,1,0
200055,2026-04-22,30,Male,Mumbai,West Bengal,USA,Tamil,Fri,Evening,Samsung A14,iOS 17,Vi,38.76,0,1,0,0,1,1,0,0,0,0,7,10,17,26,0,1,1,3,20,0,0,google,promo_click,brand,D,96,117,0.7272727272727273,0.15,1,1,0,0
200056,2025-05-24,26,Male,Kolkata,Karnataka,India,English,Sun,Afternoon,Redmi Note,iOS 17,Other,568.73,0,0,0,0,1,1,0,1,0,0,8,11,16,39,1,1,1,1,24,0,0,crm,app_launch,remarketing,D,71,18,0.75,0.041666666666666664,1,0,0,1
200057,2025-07-25,43,Male,Hyderabad,West Bengal,India,Tamil,Sat,Evening,Vivo V27,iOS 17,Airtel,70.53,1,1,1,0,0,0,0,0,0,0,7,16,14,41,0,1,0,2,15,0,0,meta,signup,brand,B,12,30,0.47058823529411764,0.13333333333333333,1,1,1,0
200058,2025-06-29,30,Male,Delhi,Karnataka,India,Hindi,Thu,Night,iPhone 13,Android 14,Vi,309.35,0,0,1,1,0,0,0,0,0,0,11,13,15,37,1,1,1,3,22,0,0,referral,view_home,organic,B,155,116,0.8571428571428571,0.13636363636363635,2,0,0,0
200059,2025-11-13,29,Male,Bengaluru,Delhi,India,English,Tue,Morning,Samsung A14,iOS 16,BSNL,214.87,1,0,0,0,0,1,0,0,1,0,10,21,9,37,1,0,1,6,26,0,0,meta,signup,welcome,C,74,178,0.5,0.23076923076923078,0,0,1,0
200060,2025-08-31,23,Male,Hyderabad,Telangana,India,Hindi,Sat,Night,Redmi Note,iOS 16,BSNL,211.21,1,1,0,0,0,0,0,1,0,0,10,11,13,34,1,1,1,4,24,0,1,referral,view_home,install,A,58,27,0.9166666666666666,0.16666666666666666,0,0,0,0
200061,2025-05-13,58,Female,Pune,Tamil Nadu,India,Hindi,Tue,Morning,iPhone 13,iOS 17,Airtel,143.06,0,1,0,0,0,0,0,1,0,1,14,10,14,35,1,1,1,3,17,0,1,meta,view_home,brand,B,101,75,1.3636363636363635,0.17647058823529413,0,0,0,0
200062,2026-01-06,39,Female,Chennai,Karnataka,UAE,Telugu,Mon,Night,Vivo V27,Android 14,BSNL,214.05,1,1,1,0,0,1,0,0,0,0,7,13,11,39,1,0,0,5,29,0,0,referral,promo_click,install,D,144,21,0.5714285714285714,0.1724137931034483,1,0,1,0
200063,2026-01-28,34,Female,Delhi,West Bengal,India,Tamil,Tue,Evening,Vivo V27,iOS 16,Airtel,245.78,1,1,0,0,0,1,0,1,0,0,10,7,9,35,0,1,0,2,24,0,0,referral,promo_click,brand,B,164,174,1.375,0.08333333333333333,0,0,0,0
200064,2026-04-28,44,Male,Kolkata,Tamil Nadu,India,Tamil,Mon,Morning,iPhone 13,iOS 17,BSNL,81.07,0,1,0,1,0,1,0,0,0,0,5,9,15,38,1,1,1,3,19,0,0,referral,signup,remarketing,A,127,128,0.6,0.15789473684210525,1,1,1,0
200065,2025-05-02,33,Male,Pune,Maharashtra,India,Hindi,Wed,Night,Samsung A14,Android 14,BSNL,240.19,1,0,1,1,0,0,1,0,0,0,4,8,14,39,1,1,1,6,25,0,0,crm,app_launch,install,A,79,104,0.5555555555555556,0.24,2,0,1,0
200066,2024-10-30,59,Female,Pune,Karnataka,India,Hindi,Sun,Morning,Vivo V27,iOS 17,BSNL,164.37,0,1,0,1,0,0,0,0,0,0,5,15,15,37,1,0,1,8,20,0,0,organic,app_launch,remarketing,B,31,151,0.375,0.4,1,0,1,0
200067,2025-11-25,53,Female,Mumbai,Maharashtra,India,Tamil,Sun,Evening,iPhone 13,iOS 16,Jio,179.58,0,0,1,1,0,0,0,1,0,0,11,9,12,32,1,0,1,5,24,1,0,organic,app_launch,welcome,A,103,162,1.2,0.20833333333333334,2,0,0,0
200068,2024-06-28,33,Male,Kolkata,West Bengal,India,English,Sun,Morning,Vivo V27,iOS 17,BSNL,705.87,0,1,0,1,1,1,0,0,0,0,7,14,12,33,1,0,1,3,21,0,0,referral,signup,install,C,2,176,0.5333333333333333,0.14285714285714285,2,0,1,0
200069,2025-07-22,28,Male,Chennai,Delhi,UAE,Tamil,Thu,Morning,iPhone 13,Android 14,Jio,624.74,0,0,0,0,0,0,0,0,0,0,6,9,18,30,1,1,1,3,30,0,0,google,app_launch,organic,C,18,4,0.7,0.1,0,0,0,0
200070,2025-08-30,42,Female,Delhi,Tamil Nadu,India,Tamil,Wed,Afternoon,OnePlus Nord,Android 13,Jio,262.86,0,1,0,1,0,1,0,0,0,0,8,9,11,53,1,1,1,3,26,0,0,referral,promo_click,organic,D,15,165,0.9,0.11538461538461539,1,0,0,0
200071,2025-12-31,39,Male,Bengaluru,Karnataka,UAE,Telugu,Fri,Evening,iPhone 13,iOS 16,Vi,302.8,0,0,0,1,0,0,0,0,0,0,3,14,16,38,0,1,1,1,18,0,0,meta,app_launch,remarketing,C,160,120,0.26666666666666666,0.05555555555555555,1,0,1,1
200072,2024-06-17,41,Female,Delhi,Karnataka,India,Telugu,Mon,Evening,Samsung A14,Android 12,Vi,70.53,0,1,1,0,0,0,0,1,0,0,9,7,13,32,1,0,1,4,18,0,0,crm,view_home,organic,C,107,96,1.25,0.2222222222222222,1,1,0,0
200073,2025-09-05,26,Male,Hyderabad,Maharashtra,India,English,Tue,Night,Redmi Note,iOS 16,Vi,369.83,0,0,1,1,0,0,0,1,0,1,5,11,13,29,1,0,1,2,24,0,0,crm,view_home,install,B,78,7,0.5,0.08333333333333333,2,0,1,0
200074,2025-04-03,45,Male,Chennai,Delhi,India,English,Mon,Morning,iPhone 13,iOS 16,Other,127.92,0,0,1,1,0,1,0,1,0,0,10,13,16,34,0,1,1,2,18,0,0,crm,app_launch,brand,D,130,18,0.7857142857142857,0.1111111111111111,2,0,0,0
200075,2025-04-30,51,Male,Delhi,Telangana,UK,Telugu,Mon,Afternoon,Vivo V27,Android 12,Other,34.54,0,0,0,0,0,0,0,1,0,1,6,12,8,30,1,1,1,1,16,0,0,meta,app_launch,install,A,12,80,0.5384615384615384,0.0625,0,1,1,1
200076,2025-06-05,35,Male,Bengaluru,Delhi,India,English,Sat,Morning,Redmi Note,Android 14,Other,55.26,1,1,1,0,0,0,0,0,0,0,5,11,19,41,1,1,0,3,26,0,0,crm,signup,organic,B,7,115,0.5,0.11538461538461539,1,1,1,0
200077,2025-05-14,35,Male,Delhi,Karnataka,India,Telugu,Thu,Night,Samsung A14,iOS 17,Jio,48.66,0,0,0,0,0,0,0,0,0,1,2,10,12,45,1,0,0,6,22,0,0,organic,promo_click,organic,C,10,30,0.2727272727272727,0.2727272727272727,0,1,1,0
200078,2025-03-31,29,Male,Delhi,Maharashtra,India,Telugu,Fri,Afternoon,Samsung A14,Android 13,Vi,370.61,1,1,0,0,0,0,0,0,0,0,6,12,11,43,1,1,1,3,24,0,0,meta,notification_open,organic,B,115,109,0.5384615384615384,0.125,0,0,1,0
200079,2025-02-11,41,Female,Mumbai,Telangana,India,Tamil,Fri,Afternoon,Redmi Note,Android 13,BSNL,124.49,0,1,1,0,0,1,0,0,0,0,5,14,17,59,1,0,1,4,23,1,0,organic,promo_click,install,B,102,107,0.4,0.17391304347826086,1,0,1,0
200080,2025-02-16,56,Male,Pune,Maharashtra,India,Tamil,Mon,Evening,Vivo V27,Android 12,Jio,691.24,0,1,1,1,0,0,0,0,0,0,7,12,16,32,1,0,0,3,27,0,0,organic,notification_open,brand,B,97,71,0.6153846153846154,0.1111111111111111,2,0,1,0
200081,2026-04-17,56,Male,Hyderabad,West Bengal,India,Telugu,Tue,Night,iPhone 13,iOS 17,Jio,250.97,0,0,0,0,0,0,0,0,0,0,15,13,15,36,1,1,1,5,26,0,1,crm,notification_open,welcome,A,98,169,1.1428571428571428,0.19230769230769232,0,0,0,0
200082,2025-09-20,28,Male,Pune,Delhi,India,Telugu,Mon,Afternoon,Samsung A14,iOS 16,Other,406.32,0,0,0,1,0,1,0,0,0,0,10,8,14,38,0,1,1,4,18,0,0,organic,app_launch,remarketing,A,85,96,1.2222222222222223,0.2222222222222222,1,0,0,0
200083,2025-08-05,44,Male,Bengaluru,West Bengal,USA,Hindi,Mon,Morning,Vivo V27,iOS 16,BSNL,168.91,0,1,1,0,0,0,0,1,0,0,3,7,12,29,1,0,1,3,22,1,0,meta,promo_click,organic,C,83,102,0.5,0.13636363636363635,1,0,1,0
200084,2026-01-17,28,Male,Mumbai,Telangana,USA,Hindi,Thu,Night,Vivo V27,Android 13,BSNL,331.14,1,0,0,1,0,0,0,0,0,0,3,13,13,30,0,1,1,1,21,0,0,google,promo_click,brand,A,58,70,0.2857142857142857,0.047619047619047616,1,0,1,1
200085,2025-09-17,19,Female,Bengaluru,Tamil Nadu,India,Tamil,Tue,Afternoon,Redmi Note,iOS 16,Jio,182.7,1,0,0,1,0,0,0,0,0,0,9,11,8,37,0,1,1,6,22,0,0,organic,signup,remarketing,C,179,85,0.8333333333333334,0.2727272727272727,1,0,0,0
200086,2025-04-20,25,Male,Bengaluru,Maharashtra,India,English,Tue,Afternoon,OnePlus Nord,Android 13,Other,71.45,0,0,0,0,1,0,0,0,0,0,12,10,12,31,0,1,1,5,35,0,0,meta,signup,brand,A,127,117,1.1818181818181819,0.14285714285714285,1,1,0,0
200087,2026-05-04,38,Female,Pune,Tamil Nadu,India,Telugu,Wed,Morning,Samsung A14,Android 13,Airtel,301.83,0,0,0,0,0,0,0,0,0,1,9,12,12,25,1,0,1,4,28,1,0,organic,promo_click,welcome,A,92,151,0.7692307692307693,0.14285714285714285,0,0,0,0
200088,2025-07-30,25,Male,Kolkata,Maharashtra,UK,Telugu,Fri,Evening,OnePlus Nord,iOS 16,Airtel,313.27,0,1,0,0,0,0,0,1,0,0,7,14,11,46,1,1,1,7,24,0,0,referral,promo_click,welcome,C,161,73,0.5333333333333333,0.2916666666666667,0,0,1,0
200089,2025-02-13,42,Female,Bengaluru,West Bengal,India,Tamil,Wed,Morning,Vivo V27,iOS 17,Other,111.6,0,0,0,0,0,0,0,0,0,0,15,18,14,31,0,0,1,1,18,0,0,crm,view_home,brand,B,38,163,0.8421052631578947,0.05555555555555555,0,0,0,1
200090,2025-05-02,40,Male,Mumbai,Tamil Nadu,India,English,Thu,Night,Vivo V27,Android 14,Jio,524.53,1,1,1,0,0,0,0,1,0,0,12,12,13,36,0,1,0,3,22,0,0,google,promo_click,install,C,28,112,1.0,0.13636363636363635,1,0,0,0
200091,2025-08-08,27,Female,Mumbai,West Bengal,India,Hindi,Wed,Evening,OnePlus Nord,Android 14,Vi,1048.15,0,1,0,1,0,0,0,0,0,0,7,17,14,32,1,0,0,2,22,0,0,referral,view_home,welcome,D,47,73,0.4444444444444444,0.09090909090909091,1,0,1,0
200092,2026-02-15,30,Male,Kolkata,West Bengal,India,English,Fri,Night,OnePlus Nord,iOS 17,BSNL,252.37,0,1,1,0,0,0,0,1,0,0,6,10,18,47,1,1,1,1,25,0,0,organic,app_launch,brand,D,106,173,0.6363636363636364,0.04,1,0,1,1
200093,2025-01-26,55,Male,Bengaluru,Maharashtra,India,Telugu,Sun,Evening,Redmi Note,iOS 17,Jio,116.21,1,1,0,1,1,0,0,0,0,1,10,9,12,43,0,1,0,2,22,0,1,organic,app_launch,organic,C,66,137,1.1,0.09090909090909091,2,0,0,0
200094,2024-06-29,20,Female,Hyderabad,Karnataka,UAE,Hindi,Mon,Night,OnePlus Nord,iOS 16,Airtel,203.97,0,0,1,0,0,1,0,0,1,0,13,10,12,29,1,1,1,5,19,0,0,crm,signup,remarketing,B,115,88,1.2727272727272727,0.2631578947368421,1,0,0,0
200095,2025-06-20,29,Female,Pune,Tamil Nadu,India,Telugu,Mon,Afternoon,Samsung A14,Android 14,Other,211.04,0,1,1,0,0,0,0,0,0,1,8,15,17,43,0,1,1,3,32,0,0,referral,promo_click,remarketing,A,8,51,0.5625,0.09375,1,0,1,0
200096,2025-10-20,22,Male,Chennai,Delhi,India,Hindi,Mon,Evening,iPhone 13,Android 12,Jio,415.75,0,0,0,0,0,0,0,0,0,0,5,4,19,43,1,1,1,3,26,0,0,meta,promo_click,remarketing,C,173,61,1.2,0.11538461538461539,0,0,0,0
200097,2026-04-20,51,Female,Bengaluru,West Bengal,India,Tamil,Mon,Night,Vivo V27,iOS 17,BSNL,937.14,1,1,1,0,0,0,0,0,0,0,13,10,15,32,0,1,1,5,24,0,0,referral,view_home,remarketing,A,88,138,1.2727272727272727,0.20833333333333334,1,0,0,0
200098,2025-04-06,27,Male,Bengaluru,Karnataka,India,Tamil,Tue,Morning,Redmi Note,iOS 16,BSNL,592.84,1,1,1,1,0,0,0,1,0,0,9,16,14,38,1,1,0,5,34,0,0,google,promo_click,brand,B,46,110,0.5882352941176471,0.14705882352941177,2,0,1,0
200099,2026-03-23,50,Female,Delhi,Delhi,India,Tamil,Sat,Afternoon,Samsung A14,Android 13,Airtel,111.07,1,1,0,0,0,1,0,0,0,0,5,6,11,37,0,1,1,2,15,0,1,organic,view_home,install,C,91,19,0.8571428571428571,0.13333333333333333,0,0,0,0
200100,2024-10-21,42,Male,Delhi,Tamil Nadu,India,Tamil,Fri,Afternoon,Samsung A14,iOS 16,Vi,605.86,0,0,0,0,0,0,0,0,0,0,8,12,14,33,0,1,1,4,21,0,0,organic,view_home,brand,B,22,138,0.6923076923076923,0.19047619047619047,0,0,0,0
200101,2025-10-06,42,Male,Kolkata,Telangana,India,Hindi,Wed,Night,iPhone 13,Android 13,Jio,291.32,0,1,0,1,0,0,0,1,0,0,12,12,16,33,1,0,1,1,17,0,0,crm,view_home,welcome,B,67,128,1.0,0.058823529411764705,1,0,0,1
200102,2026-01-13,59,Male,Pune,Telangana,India,English,Tue,Morning,Samsung A14,Android 13,BSNL,183.76,0,0,0,1,0,0,0,0,0,0,8,13,20,40,1,1,1,4,21,0,0,organic,app_launch,organic,B,55,1,0.6428571428571429,0.19047619047619047,1,0,1,0
200103,2026-03-14,44,Male,Chennai,Delhi,USA,Hindi,Fri,Evening,OnePlus Nord,iOS 16,Jio,805.48,0,1,1,1,0,0,0,0,0,0,8,17,19,32,0,1,1,3,22,0,0,meta,promo_click,organic,C,124,150,0.5,0.13636363636363635,2,0,1,0
200104,2024-10-31,56,Male,Chennai,Maharashtra,India,English,Wed,Morning,Redmi Note,Android 13,Other,353.27,0,0,1,0,0,0,0,1,0,0,7,20,17,23,1,1,1,5,24,0,0,meta,app_launch,welcome,A,162,129,0.38095238095238093,0.20833333333333334,1,0,1,0
200105,2026-04-23,54,Male,Pune,West Bengal,India,Hindi,Thu,Night,OnePlus Nord,iOS 17,Other,354.27,1,1,1,0,0,1,0,0,0,0,8,15,9,34,1,1,0,2,17,0,0,organic,signup,organic,A,27,112,0.5625,0.11764705882352941,1,0,1,0
200106,2025-04-28,41,Male,Hyderabad,Delhi,UK,English,Sun,Afternoon,Vivo V27,Android 12,BSNL,236.35,1,1,0,0,0,0,0,0,0,0,6,14,15,35,1,1,1,5,26,0,0,crm,view_home,welcome,A,24,25,0.4666666666666667,0.19230769230769232,0,0,1,0
200107,2024-07-07,24,Male,Bengaluru,Maharashtra,India,English,Thu,Afternoon,Samsung A14,iOS 16,Airtel,643.38,0,0,0,0,0,0,0,0,0,0,11,15,10,39,1,1,1,0,23,0,0,referral,promo_click,remarketing,C,45,79,0.75,0.0,0,0,0,1
200108,2024-07-27,25,Female,Chennai,West Bengal,UAE,English,Fri,Night,OnePlus Nord,iOS 16,Jio,491.85,1,0,0,0,0,1,0,0,0,0,12,12,13,36,1,1,1,6,22,0,1,google,view_home,remarketing,B,108,19,1.0,0.2727272727272727,0,0,0,0
200109,2024-10-31,37,Other,Hyderabad,Tamil Nadu,India,English,Fri,Evening,OnePlus Nord,Android 13,Airtel,496.1,1,0,0,1,0,0,0,0,1,0,5,7,21,39,1,1,0,2,19,0,1,meta,signup,install,B,83,139,0.75,0.10526315789473684,1,0,0,0
200110,2026-03-03,54,Female,Hyderabad,West Bengal,India,English,Sat,Night,iPhone 13,iOS 17,Jio,105.74,0,1,1,1,0,0,0,1,0,0,4,13,15,38,1,0,1,4,23,0,0,organic,app_launch,brand,C,118,146,0.35714285714285715,0.17391304347826086,2,0,1,0
200111,2026-02-22,39,Male,Delhi,Tamil Nadu,India,English,Sun,Evening,Redmi Note,Android 14,Vi,556.5,1,0,1,0,0,0,0,1,0,0,3,14,21,37,1,1,1,1,29,0,0,meta,app_launch,organic,B,115,68,0.26666666666666666,0.034482758620689655,1,0,1,1
200112,2025-07-13,37,Male,Delhi,Tamil Nadu,India,English,Fri,Morning,Samsung A14,Android 14,Other,189.99,0,1,1,0,0,1,0,1,0,1,6,16,12,39,1,1,1,6,23,0,0,meta,signup,brand,A,73,129,0.4117647058823529,0.2608695652173913,1,0,1,0
200113,2024-09-07,35,Female,Hyderabad,Telangana,India,English,Wed,Night,iPhone 13,Android 13,Vi,84.62,0,0,1,1,0,0,0,0,0,0,13,12,13,24,1,0,1,7,13,0,0,organic,view_home,remarketing,B,14,95,1.0769230769230769,0.5384615384615384,2,1,0,0
200114,2025-12-16,39,Female,Delhi,West Bengal,India,Hindi,Thu,Night,iPhone 13,Android 13,Other,213.97,0,0,1,0,0,1,1,1,0,0,5,13,11,33,1,1,0,1,19,0,0,google,app_launch,welcome,A,174,29,0.42857142857142855,0.05263157894736842,1,0,1,1
200115,2025-09-26,32,Male,Kolkata,Maharashtra,India,Telugu,Mon,Morning,Samsung A14,Android 12,BSNL,142.83,1,0,1,0,1,1,0,0,0,0,15,10,9,32,1,0,1,3,22,0,0,meta,signup,install,C,40,101,1.4545454545454546,0.13636363636363635,2,0,0,0
200116,2025-02-02,54,Male,Mumbai,Maharashtra,India,English,Tue,Afternoon,Samsung A14,Android 13,Jio,923.87,0,0,1,0,0,0,0,1,0,1,8,17,13,39,1,1,1,2,25,0,0,crm,signup,brand,C,76,162,0.5,0.08,1,0,1,0
200117,2025-04-05,45,Female,Bengaluru,West Bengal,USA,Telugu,Sun,Night,Redmi Note,Android 12,Other,99.07,1,1,1,0,0,0,1,0,1,1,5,11,17,36,1,0,0,3,23,0,0,crm,promo_click,organic,B,4,69,0.5,0.13043478260869565,1,1,1,0
200118,2024-08-16,48,Male,Delhi,Telangana,USA,Tamil,Fri,Night,OnePlus Nord,Android 14,Airtel,201.54,1,0,1,0,0,1,0,0,0,0,8,7,13,22,0,0,0,4,23,1,0,referral,app_launch,welcome,B,108,62,1.125,0.17391304347826086,1,0,0,0
200119,2024-06-22,31,Female,Mumbai,Tamil Nadu,India,Hindi,Wed,Afternoon,Samsung A14,iOS 17,Airtel,72.85,1,0,1,0,0,0,0,0,0,0,10,10,22,29,1,0,0,5,27,0,0,google,promo_click,organic,C,107,108,1.0,0.18518518518518517,1,1,0,0
200120,2026-04-05,49,Male,Pune,Telangana,India,English,Sat,Morning,Samsung A14,Android 12,BSNL,390.93,1,1,0,0,0,0,0,0,0,1,7,10,13,33,1,1,1,2,25,0,0,crm,notification_open,install,B,53,64,0.7272727272727273,0.08,0,0,0,0
200121,2024-09-02,57,Male,Pune,Tamil Nadu,UK,Telugu,Sun,Afternoon,Vivo V27,iOS 16,Vi,344.55,0,1,0,0,0,1,0,1,0,0,9,12,8,38,1,1,0,5,23,0,0,meta,notification_open,remarketing,C,104,153,0.7692307692307693,0.21739130434782608,0,0,0,0
200122,2024-09-24,24,Male,Delhi,Tamil Nadu,India,Tamil,Sat,Night,OnePlus Nord,Android 14,Vi,547.6,0,0,0,1,0,0,0,0,0,0,9,13,12,42,0,1,1,5,11,0,0,google,signup,brand,C,136,167,0.7142857142857143,0.45454545454545453,1,0,0,0
200123,2025-08-23,36,Female,Hyderabad,Maharashtra,India,Hindi,Tue,Evening,OnePlus Nord,Android 13,Vi,963.71,0,1,1,0,0,0,0,0,0,0,8,9,9,30,1,1,1,3,15,0,0,meta,promo_click,organic,C,61,163,0.9,0.2,1,0,0,0
200124,2025-03-20,37,Male,Hyderabad,Maharashtra,India,Telugu,Mon,Afternoon,Vivo V27,Android 14,Other,59.95,1,1,0,0,0,0,0,0,0,0,7,11,17,38,0,1,1,1,27,0,0,crm,signup,brand,C,101,60,0.6666666666666666,0.037037037037037035,0,1,0,1
200125,2024-06-24,22,Female,Bengaluru,Karnataka,India,English,Fri,Night,iPhone 13,Android 12,BSNL,421.75,0,1,1,0,0,0,0,0,0,0,7,10,10,34,0,1,1,2,35,0,0,organic,view_home,remarketing,D,38,114,0.7272727272727273,0.05714285714285714,1,0,0,1
200126,2026-01-26,34,Female,Delhi,Maharashtra,India,Telugu,Tue,Afternoon,Redmi Note,Android 14,Jio,193.89,1,1,1,1,1,1,0,0,0,0,6,11,7,35,0,0,1,3,17,0,1,meta,view_home,install,A,24,94,0.5833333333333334,0.17647058823529413,3,0,1,0
200127,2025-11-15,53,Male,Hyderabad,West Bengal,UAE,Telugu,Sun,Evening,iPhone 13,Android 14,Jio,282.78,0,1,0,0,1,0,0,0,0,0,8,10,6,31,1,1,1,2,28,0,0,meta,view_home,organic,D,37,76,0.8181818181818182,0.07142857142857142,1,0,0,1
200128,2025-12-14,35,Male,Delhi,Tamil Nadu,India,English,Sat,Morning,Vivo V27,iOS 16,BSNL,148.04,1,0,0,0,0,0,1,0,0,1,7,10,16,30,0,1,1,1,24,0,0,referral,signup,remarketing,B,129,10,0.7272727272727273,0.041666666666666664,0,0,0,1
200129,2025-11-30,34,Female,Bengaluru,Delhi,India,Telugu,Sat,Night,OnePlus Nord,Android 13,Vi,506.96,0,0,0,0,0,0,0,1,0,0,8,20,20,40,1,1,0,3,26,0,0,crm,promo_click,brand,D,32,118,0.42857142857142855,0.11538461538461539,0,0,1,0
200130,2024-10-20,46,Male,Bengaluru,Maharashtra,India,English,Wed,Afternoon,iPhone 13,iOS 17,Vi,344.89,1,1,0,0,0,0,0,0,0,0,5,12,8,38,1,1,0,1,25,0,0,organic,view_home,install,A,51,63,0.46153846153846156,0.04,0,0,1,1
200131,2024-09-04,32,Female,Hyderabad,Telangana,India,Hindi,Sun,Afternoon,Redmi Note,iOS 17,Other,505.51,1,1,1,1,0,1,0,0,0,1,3,8,15,34,1,1,1,2,25,0,0,organic,signup,welcome,B,40,166,0.4444444444444444,0.08,2,0,1,0
200132,2026-04-15,39,Male,Bengaluru,Delhi,USA,Tamil,Sat,Morning,Redmi Note,Android 12,Other,74.46,1,0,0,0,0,1,0,0,0,0,6,14,16,28,1,1,0,1,25,0,0,crm,signup,organic,D,64,170,0.4666666666666667,0.04,0,1,1,1
200133,2026-02-11,37,Male,Pune,Maharashtra,India,Tamil,Mon,Afternoon,Redmi Note,Android 13,Jio,185.87,0,1,0,0,0,1,0,0,0,0,6,9,10,38,1,1,1,2,16,0,1,meta,app_launch,welcome,B,106,24,0.7,0.125,0,0,0,0
200134,2025-08-05,58,Male,Kolkata,West Bengal,UK,Tamil,Fri,Night,Redmi Note,Android 12,Jio,557.97,0,1,1,0,0,0,0,1,0,1,12,10,12,43,1,1,1,3,26,0,0,google,signup,welcome,A,100,115,1.1818181818181819,0.11538461538461539,1,0,0,0
200135,2024-09-03,46,Male,Pune,Maharashtra,India,Hindi,Sat,Morning,OnePlus Nord,iOS 17,Airtel,372.79,1,0,0,1,0,0,0,0,0,0,13,6,17,32,1,1,0,0,23,0,0,meta,signup,install,B,132,108,2.0,0.0,1,0,0,1
200136,2025-08-30,19,Male,Pune,Karnataka,India,English,Wed,Afternoon,Samsung A14,iOS 17,Vi,48.79,0,1,0,1,0,1,0,0,0,1,9,6,18,28,1,1,0,0,25,0,0,referral,view_home,brand,C,57,137,1.4285714285714286,0.0,1,1,0,1
200137,2024-11-17,20,Female,Mumbai,Tamil Nadu,India,Telugu,Tue,Night,Vivo V27,Android 14,BSNL,277.1,0,0,1,1,0,0,0,0,0,0,6,9,9,36,1,1,1,2,30,0,0,crm,promo_click,welcome,D,33,122,0.7,0.06666666666666667,2,0,0,1
200138,2024-12-06,52,Female,Hyderabad,West Bengal,India,Telugu,Mon,Evening,Vivo V27,Android 14,BSNL,48.29,0,0,0,1,0,0,0,0,0,0,8,5,17,43,1,1,1,3,21,0,0,referral,signup,organic,D,46,84,1.5,0.14285714285714285,1,1,0,0
200139,2024-07-28,25,Female,Mumbai,Telangana,India,Tamil,Tue,Morning,Redmi Note,iOS 16,BSNL,349.51,0,1,0,0,0,0,0,0,0,0,10,9,18,42,1,0,1,0,28,0,0,google,notification_open,remarketing,A,177,123,1.1,0.0,0,0,0,1
200140,2026-04-02,29,Male,Delhi,West Bengal,India,Tamil,Mon,Evening,Redmi Note,Android 12,BSNL,148.93,1,0,0,1,0,1,0,1,1,0,6,12,20,27,1,1,0,8,23,0,0,google,notification_open,organic,B,164,95,0.5384615384615384,0.34782608695652173,1,0,1,0
200141,2024-11-30,44,Female,Pune,Karnataka,India,English,Wed,Morning,iPhone 13,iOS 17,BSNL,377.96,0,1,0,0,0,0,0,0,0,1,9,9,15,36,0,1,1,0,22,0,0,referral,promo_click,welcome,C,35,177,1.0,0.0,0,0,0,1
200142,2025-07-21,54,Female,Chennai,Delhi,India,Tamil,Wed,Night,Vivo V27,iOS 16,BSNL,836.79,1,1,0,0,0,1,0,0,0,1,7,11,13,36,1,0,1,6,26,0,0,crm,notification_open,brand,B,126,137,0.6666666666666666,0.23076923076923078,0,0,0,0
200143,2025-10-03,36,Female,Pune,Karnataka,India,Hindi,Wed,Morning,iPhone 13,Android 12,BSNL,401.22,1,0,0,1,1,0,0,1,0,1,6,13,11,30,1,1,1,5,30,0,0,google,app_launch,remarketing,C,56,20,0.5,0.16666666666666666,2,0,1,0
200144,2025-10-10,49,Female,Kolkata,West Bengal,India,Hindi,Fri,Night,Redmi Note,iOS 17,Other,70.68,0,0,1,0,0,0,0,1,0,1,9,11,11,35,1,0,1,4,38,0,0,referral,promo_click,install,B,23,165,0.8333333333333334,0.10526315789473684,1,1,0,0
200145,2025-11-22,58,Male,Delhi,Karnataka,India,Telugu,Thu,Evening,Vivo V27,Android 13,Vi,489.88,1,0,1,1,0,0,0,0,0,0,7,17,12,34,1,1,1,0,23,0,1,crm,signup,welcome,A,171,81,0.4444444444444444,0.0,2,0,1,1
200146,2025-05-01,23,Male,Hyderabad,Delhi,UAE,Tamil,Thu,Morning,Samsung A14,iOS 16,Other,98.04,0,1,1,0,1,1,0,0,0,0,2,12,16,28,0,1,1,4,21,0,0,referral,view_home,brand,A,7,63,0.23076923076923078,0.19047619047619047,2,1,1,0
200147,2026-04-17,25,Female,Kolkata,Maharashtra,India,English,Thu,Morning,Redmi Note,Android 12,BSNL,219.53,0,1,0,0,0,0,0,1,0,1,10,14,9,43,0,1,1,5,26,0,0,referral,view_home,install,B,95,1,0.7333333333333333,0.19230769230769232,0,0,0,0
200148,2024-09-22,41,Male,Bengaluru,Delhi,India,Tamil,Fri,Evening,Samsung A14,iOS 17,Airtel,564.71,1,1,1,1,1,0,1,0,0,0,9,18,20,31,1,0,1,5,22,0,0,referral,signup,organic,D,43,143,0.5263157894736842,0.22727272727272727,3,0,1,0
200149,2024-12-17,33,Male,Delhi,Delhi,India,Telugu,Sun,Morning,Vivo V27,Android 12,Vi,165.77,0,1,1,0,0,0,0,0,0,0,9,13,13,38,1,1,1,4,23,0,0,organic,signup,welcome,A,84,97,0.7142857142857143,0.17391304347826086,1,0,0,0
200150,2024-08-22,49,Male,Chennai,Tamil Nadu,India,English,Mon,Afternoon,OnePlus Nord,iOS 16,Airtel,177.72,1,1,0,0,0,0,0,0,0,0,6,12,10,28,1,0,1,2,32,0,0,google,promo_click,organic,B,124,5,0.5384615384615384,0.0625,0,0,1,1
200151,2025-06-01,29,Female,Bengaluru,West Bengal,India,English,Sun,Night,Samsung A14,Android 14,Vi,205.83,1,1,0,0,0,0,0,0,0,0,11,10,11,32,0,1,1,1,21,0,1,referral,view_home,welcome,B,106,92,1.0909090909090908,0.047619047619047616,0,0,0,1
200152,2026-02-10,31,Male,Pune,Delhi,India,Telugu,Sat,Night,OnePlus Nord,iOS 16,BSNL,251.0,1,1,0,0,0,0,0,0,0,0,4,12,10,41,1,1,1,6,29,0,0,meta,signup,install,D,76,81,0.38461538461538464,0.20689655172413793,0,0,1,0
200153,2024-09-10,51,Female,Kolkata,Tamil Nadu,India,Tamil,Fri,Evening,Samsung A14,iOS 16,Airtel,205.07,0,0,0,0,0,0,0,0,0,0,5,10,22,28,1,1,1,3,26,1,0,organic,signup,install,C,103,58,0.5454545454545454,0.11538461538461539,0,0,1,0
200154,2024-08-22,29,Male,Hyderabad,Karnataka,India,Hindi,Fri,Evening,Redmi Note,iOS 16,Vi,107.72,1,0,0,0,0,1,0,0,0,0,13,9,16,28,1,1,1,2,28,0,0,organic,promo_click,brand,B,142,138,1.4,0.07142857142857142,0,0,0,1
200155,2024-07-22,23,Female,Bengaluru,Delhi,India,Tamil,Tue,Night,OnePlus Nord,Android 12,Jio,218.48,1,0,1,0,0,0,0,0,0,0,15,12,14,34,1,1,1,4,23,0,0,meta,promo_click,organic,B,56,56,1.2307692307692308,0.17391304347826086,1,0,0,0
200156,2024-12-10,18,Male,Pune,Karnataka,India,Tamil,Tue,Morning,Redmi Note,iOS 16,Jio,302.8,0,0,1,1,0,1,0,0,0,0,9,11,18,31,0,1,1,2,24,0,0,meta,notification_open,remarketing,D,71,100,0.8333333333333334,0.08333333333333333,2,0,0,0
200157,2025-06-29,33,Male,Delhi,Maharashtra,India,Hindi,Mon,Afternoon,Samsung A14,Android 14,Other,472.67,0,1,1,1,0,1,0,1,0,0,6,12,11,44,1,1,1,4,28,0,0,google,signup,brand,D,53,19,0.5384615384615384,0.14285714285714285,2,0,1,0
200158,2025-06-13,29,Male,Bengaluru,Karnataka,UK,Tamil,Tue,Morning,Samsung A14,iOS 17,Jio,793.33,0,1,1,1,0,0,0,1,0,1,6,16,15,36,0,1,1,2,27,0,0,crm,notification_open,remarketing,C,177,47,0.4117647058823529,0.07407407407407407,2,0,1,1
200159,2024-08-08,26,Male,Hyderabad,Delhi,India,Hindi,Sat,Evening,OnePlus Nord,iOS 16,Jio,122.51,0,0,1,0,0,0,0,0,1,1,7,6,14,34,1,1,1,3,19,0,1,crm,view_home,install,B,147,54,1.1428571428571428,0.15789473684210525,1,0,0,0
200160,2026-03-08,46,Female,Delhi,Telangana,India,Tamil,Sat,Morning,Redmi Note,iOS 16,Other,491.61,1,1,1,0,0,1,0,1,1,0,12,13,16,38,1,1,1,0,20,0,0,referral,app_launch,remarketing,C,56,62,0.9285714285714286,0.0,1,0,0,1
200161,2025-06-03,48,Male,Bengaluru,Delhi,India,Telugu,Sat,Afternoon,iPhone 13,Android 14,BSNL,405.52,1,0,0,0,0,0,0,1,0,1,9,7,10,42,1,1,0,2,30,0,1,meta,app_launch,welcome,C,42,94,1.25,0.06666666666666667,0,0,0,1
200162,2025-06-10,24,Male,Kolkata,West Bengal,UAE,Hindi,Sat,Night,Redmi Note,Android 12,BSNL,155.86,1,0,0,0,0,0,1,0,0,0,8,12,22,31,1,1,1,0,21,0,0,google,promo_click,install,C,132,102,0.6923076923076923,0.0,0,0,0,1
200163,2024-07-11,39,Male,Chennai,Karnataka,India,Tamil,Tue,Evening,Vivo V27,Android 13,Jio,142.26,1,0,1,1,0,0,0,0,0,0,18,15,17,37,1,1,0,0,26,0,0,organic,notification_open,brand,D,9,173,1.1875,0.0,2,0,0,1
200164,2025-08-14,40,Male,Mumbai,Karnataka,India,Telugu,Mon,Night,Vivo V27,Android 12,BSNL,389.05,1,1,0,0,0,1,0,1,0,0,6,13,21,37,0,1,1,4,25,0,0,referral,signup,welcome,C,65,98,0.5,0.16,0,0,1,0
200165,2026-04-09,27,Male,Delhi,Delhi,India,Hindi,Sun,Evening,Vivo V27,iOS 16,Vi,103.7,1,0,0,0,0,0,0,1,0,0,9,16,10,39,0,0,1,2,20,0,0,google,signup,install,A,43,167,0.5882352941176471,0.1,0,0,1,0
200166,2026-05-07,42,Male,Hyderabad,Karnataka,India,English,Sat,Night,Redmi Note,iOS 16,Airtel,38.95,0,0,0,0,0,0,0,0,0,0,11,14,15,38,1,1,1,4,16,0,1,organic,view_home,install,B,127,155,0.8,0.25,0,1,0,0
200167,2024-11-10,47,Female,Delhi,Delhi,India,Hindi,Mon,Morning,Samsung A14,Android 14,Other,550.54,0,1,1,0,0,0,0,0,0,0,8,14,9,33,1,1,1,2,16,0,0,meta,promo_click,remarketing,B,82,21,0.6,0.125,1,0,1,0
200168,2024-11-16,41,Male,Pune,Telangana,India,English,Tue,Morning,Redmi Note,iOS 16,Airtel,90.8,0,0,1,1,0,0,0,0,0,0,7,13,11,33,1,1,1,0,31,0,0,organic,signup,remarketing,A,168,89,0.5714285714285714,0.0,2,1,1,1
200169,2024-09-10,53,Female,Chennai,Telangana,India,English,Wed,Morning,iPhone 13,iOS 16,Vi,302.58,1,0,0,0,0,0,0,0,1,0,7,11,16,33,1,1,1,1,19,0,1,organic,promo_click,organic,B,165,166,0.6666666666666666,0.05263157894736842,0,0,0,1
200170,2024-09-04,59,Female,Hyderabad,West Bengal,India,Hindi,Fri,Night,Samsung A14,Android 14,Jio,381.05,0,0,0,1,0,0,0,0,0,0,10,10,12,49,1,1,1,3,27,0,0,crm,signup,organic,B,20,20,1.0,0.1111111111111111,1,0,0,0
200171,2026-02-13,32,Male,Chennai,Maharashtra,India,Telugu,Sun,Night,Vivo V27,Android 14,Jio,63.66,0,0,0,0,0,0,0,1,0,0,8,12,14,26,1,0,0,6,19,0,0,crm,notification_open,remarketing,D,77,50,0.6923076923076923,0.3157894736842105,0,1,0,0
200172,2026-03-27,59,Male,Hyderabad,Telangana,India,English,Fri,Morning,Redmi Note,Android 12,Other,241.79,0,0,0,0,0,0,0,0,0,0,8,9,10,27,1,0,0,0,24,0,0,referral,notification_open,organic,C,36,171,0.9,0.0,0,0,0,1
200173,2026-04-21,42,Male,Delhi,West Bengal,India,Telugu,Fri,Evening,Vivo V27,iOS 17,Other,584.3,0,0,1,0,0,0,0,0,0,0,8,7,13,46,1,1,1,4,18,0,1,meta,view_home,welcome,C,168,80,1.125,0.2222222222222222,1,0,0,0
200174,2025-01-04,56,Female,Pune,Delhi,India,Telugu,Sun,Morning,OnePlus Nord,iOS 16,Airtel,203.07,0,0,0,0,0,0,0,0,0,0,6,15,9,32,0,1,1,3,28,0,0,referral,notification_open,install,A,116,143,0.4375,0.10714285714285714,0,0,1,0
200175,2025-12-03,39,Male,Hyderabad,Maharashtra,India,English,Thu,Night,OnePlus Nord,Android 12,Other,216.92,1,1,0,0,0,0,0,0,0,0,10,15,14,33,1,0,0,3,25,0,0,meta,promo_click,organic,A,134,60,0.6875,0.12,0,0,0,0
200176,2026-05-03,45,Male,Bengaluru,Maharashtra,India,English,Sat,Evening,Vivo V27,iOS 16,Jio,63.22,1,0,0,0,0,1,0,1,1,0,6,16,11,37,1,1,1,2,20,0,0,google,promo_click,welcome,B,97,151,0.4117647058823529,0.1,0,1,1,0
200177,2025-05-05,53,Male,Hyderabad,West Bengal,India,Hindi,Sun,Evening,Redmi Note,Android 12,BSNL,376.89,0,1,0,0,0,0,0,0,0,0,9,15,20,47,1,1,1,4,24,0,0,organic,notification_open,remarketing,A,53,136,0.625,0.16666666666666666,0,0,1,0
200178,2026-02-28,27,Male,Pune,Maharashtra,India,Tamil,Mon,Night,iPhone 13,Android 14,Jio,242.0,0,1,1,1,0,0,0,0,0,0,7,13,13,27,1,1,1,2,20,0,1,crm,signup,remarketing,D,132,4,0.5714285714285714,0.1,2,0,1,0
200179,2025-01-17,28,Male,Kolkata,Tamil Nadu,India,Hindi,Wed,Night,OnePlus Nord,iOS 17,Other,208.88,0,1,1,0,0,0,0,1,0,0,6,11,14,40,1,0,1,2,26,0,0,crm,view_home,organic,D,6,113,0.5833333333333334,0.07692307692307693,1,0,1,1
200180,2025-12-02,57,Female,Kolkata,Maharashtra,India,Tamil,Thu,Night,Vivo V27,Android 13,Airtel,211.99,0,0,0,0,0,0,0,1,0,0,7,8,10,41,1,0,1,3,27,0,0,referral,app_launch,welcome,D,60,99,0.8888888888888888,0.1111111111111111,0,0,0,0
200181,2024-12-17,18,Female,Hyderabad,Karnataka,India,Telugu,Thu,Afternoon,Redmi Note,Android 13,Vi,343.62,0,1,0,0,0,0,0,0,0,0,5,15,24,36,0,0,1,4,19,0,0,organic,signup,organic,D,121,175,0.375,0.21052631578947367,0,0,1,0
200182,2024-06-17,53,Male,Hyderabad,Tamil Nadu,India,Hindi,Wed,Afternoon,OnePlus Nord,Android 14,Vi,156.0,1,1,0,1,0,0,0,0,0,0,13,14,15,37,1,1,1,3,23,0,1,meta,notification_open,remarketing,A,37,157,0.9333333333333333,0.13043478260869565,1,0,0,0
200183,2026-03-12,38,Female,Kolkata,Delhi,India,Hindi,Wed,Morning,Vivo V27,Android 12,BSNL,604.72,0,1,0,1,0,0,0,0,0,1,5,5,8,37,0,0,1,6,27,0,0,meta,signup,welcome,C,45,166,1.0,0.2222222222222222,1,0,0,0
200184,2024-10-02,20,Female,Bengaluru,Tamil Nadu,India,Hindi,Sun,Afternoon,Vivo V27,Android 12,Vi,121.59,0,1,0,0,0,0,0,0,0,0,4,18,9,42,1,1,1,1,18,0,0,referral,view_home,welcome,B,171,139,0.2631578947368421,0.05555555555555555,0,0,1,1
200185,2025-02-28,40,Female,Delhi,Tamil Nadu,USA,Hindi,Sun,Evening,Redmi Note,Android 13,Vi,398.46,0,0,0,0,0,1,0,0,0,0,8,14,15,33,1,1,0,2,27,0,0,organic,signup,organic,D,104,8,0.6,0.07407407407407407,0,0,1,1
200186,2024-10-04,57,Male,Pune,Karnataka,India,Telugu,Thu,Morning,OnePlus Nord,Android 13,Airtel,651.08,0,0,0,0,1,0,0,0,0,0,5,15,16,40,1,1,1,3,24,0,0,meta,signup,organic,A,4,145,0.375,0.125,1,0,1,0
200187,2025-03-02,51,Female,Kolkata,Karnataka,India,Tamil,Thu,Afternoon,Redmi Note,Android 13,Airtel,696.44,1,0,0,0,0,0,0,0,0,0,10,11,19,32,1,1,1,1,17,0,0,google,notification_open,remarketing,D,151,60,0.9166666666666666,0.058823529411764705,0,0,0,1
200188,2025-05-10,19,Male,Chennai,Karnataka,India,Telugu,Tue,Morning,Redmi Note,iOS 17,Vi,273.8,0,1,0,0,0,0,0,1,0,0,12,11,14,40,1,1,0,1,25,0,1,meta,signup,remarketing,A,103,123,1.0833333333333333,0.04,0,0,0,1
200189,2025-09-11,22,Female,Bengaluru,West Bengal,India,Telugu,Wed,Afternoon,OnePlus Nord,Android 12,Other,216.99,0,0,0,0,0,0,0,1,0,0,8,11,18,33,1,1,1,4,21,0,1,meta,view_home,remarketing,D,166,172,0.75,0.19047619047619047,0,0,0,0
200190,2024-07-13,20,Male,Mumbai,West Bengal,India,Tamil,Wed,Evening,Samsung A14,Android 14,Other,288.63,1,0,0,0,0,0,0,0,0,0,6,14,14,34,1,0,1,1,23,0,0,meta,signup,remarketing,C,83,6,0.4666666666666667,0.043478260869565216,0,0,1,1
200191,2025-05-15,46,Male,Kolkata,Delhi,USA,Tamil,Thu,Evening,Redmi Note,Android 13,Jio,110.68,1,1,0,0,0,0,0,1,0,1,9,11,13,33,1,0,0,4,13,1,0,crm,notification_open,brand,B,151,119,0.8333333333333334,0.3076923076923077,0,0,0,0
200192,2024-07-14,20,Male,Chennai,Karnataka,UK,Hindi,Thu,Morning,OnePlus Nord,iOS 16,BSNL,842.35,0,0,0,1,0,1,0,0,0,0,5,11,19,45,1,1,1,2,21,0,1,referral,signup,organic,B,21,87,0.5,0.09523809523809523,1,0,1,0
200193,2025-02-07,52,Male,Hyderabad,Telangana,India,Hindi,Thu,Morning,iPhone 13,iOS 17,BSNL,264.04,0,0,0,0,0,0,0,0,0,0,5,13,21,28,1,1,1,0,24,0,0,crm,view_home,welcome,D,175,162,0.42857142857142855,0.0,0,0,1,1
200194,2026-03-23,21,Female,Delhi,West Bengal,India,English,Sat,Afternoon,OnePlus Nord,Android 14,Vi,363.46,1,1,0,1,0,1,1,0,0,0,8,15,8,30,1,0,1,5,22,0,0,crm,app_launch,organic,A,35,43,0.5625,0.22727272727272727,1,0,1,0
200195,2026-01-21,31,Female,Delhi,West Bengal,India,Hindi,Fri,Afternoon,Vivo V27,iOS 16,Airtel,1542.59,0,0,0,1,0,0,1,0,0,0,8,14,13,40,0,1,1,3,22,0,0,google,app_launch,remarketing,D,82,135,0.6,0.13636363636363635,1,0,1,0
200196,2026-05-04,31,Male,Kolkata,Telangana,India,Telugu,Mon,Morning,OnePlus Nord,Android 14,BSNL,487.1,1,1,1,0,0,1,0,1,0,0,9,10,8,29,1,1,0,2,21,0,0,referral,notification_open,brand,D,136,131,0.9090909090909091,0.09523809523809523,1,0,0,0
200197,2025-06-12,49,Female,Hyderabad,Telangana,India,Hindi,Fri,Night,Redmi Note,Android 13,Jio,25.42,0,1,0,0,0,0,0,1,0,1,6,19,9,27,1,1,1,0,30,0,1,google,view_home,remarketing,B,63,55,0.35,0.0,0,1,1,1
200198,2024-09-22,18,Female,Pune,West Bengal,UK,Tamil,Sat,Night,Samsung A14,Android 13,BSNL,357.45,0,0,1,0,0,1,0,0,0,0,9,14,11,30,1,1,1,4,27,0,1,crm,view_home,brand,B,26,137,0.6666666666666666,0.14814814814814814,1,0,0,0
200199,2025-03-10,54,Male,Pune,Karnataka,India,Tamil,Fri,Morning,Redmi Note,Android 13,Other,421.2,0,1,0,0,1,0,0,0,0,0,8,10,14,48,1,1,0,2,27,0,0,organic,app_launch,welcome,B,61,147,0.8181818181818182,0.07407407407407407,1,0,0,1
